{
"lengthUnit": "mil",
"components": {
	"fields": ["COMPONENT_NO", "COMPONENT_NAME", "LAYER", "X_COORDINATE", "Y_COORDINATE", "ANGLE"],
	"rows": [
		[1, "C1", "T", -74.41, 411.42, 180],
		[2, "C2", "T", -489.2, 620.11, 90],
		[3, "C3", "T", -795.31, 210.64, 270],
		[4, "C4", "T", -71.85, 59.06, 90],
		[5, "C5", "T", -132.88, 162.41, 180],
		[6, "C6", "T", -958.71, 277.57, 90],
		[7, "C7", "T", 52.36, 851.18, 90],
		[8, "C8", "T", -166.35, -1055.17, 180],
		[9, "C9", "T", -471.48, -71.85, 270],
		[10, "C10", "T", 710.66, 460.65, 180],
		[11, "C11", "T", 708.7, 539.4, 180],
		[12, "C12", "T", 121.07, 901.62, 270],
		[13, "C13", "T", -466.56, 188.99, 90],
		[14, "C14", "T", -68.9, -1055.17, 0],
		[15, "C20", "T", -169.29, 855.51, 270],
		[16, "C21", "T", -38.58, 852.76, 270],
		[17, "C23", "T", 121.65, 783.86, 270],
		[18, "C25", "T", 67.92, -708.7, 180],
		[19, "C26", "T", 91.54, 616.17, 0],
		[20, "D1", "T", -888.82, 188, 270],
		[21, "D2", "T", -831.73, 72.84, 270],
		[22, "D3", "T", -828.78, -68.9, 90],
		[23, "H1", "T", 0, 1009.78, 180],
		[24, "H3", "T", 0, -976.43, 180],
		[25, "J3", "T", -988.58, 0, 270],
		[26, "J4", "T", -72.84, 326.79, 0],
		[27, "J5", "T", -642.75, -370.1, 180],
		[28, "LED1", "T", -351.4, 346.47, 0],
		[29, "LED2", "T", -247.06, -484.28, 0],
		[30, "Q1", "T", -743.15, -71.85, 90],
		[31, "Q2", "T", -115.75, -253.54, 90],
		[32, "Q3", "T", -742.16, 72.84, 90],
		[33, "Q4", "T", -410.45, -261.82, 90],
		[34, "R1", "T", -242.14, 348.44, 270],
		[35, "R2", "T", -200.8, -612.23, 270],
		[36, "R3", "T", -312.2, 246.06, 180],
		[37, "R4", "T", -11.81, -899.65, 180],
		[38, "R5", "T", 131.9, -899.65, 180],
		[39, "R6", "T", -125.99, -55.12, 0],
		[40, "R7", "T", -227.56, 228.35, 180],
		[41, "R8", "T", -403.15, 245.67, 0],
		[42, "R9", "T", -679.17, 348.44, 0],
		[43, "R10", "T", -279.54, -183.08, 270],
		[44, "R11", "T", -745.12, -236.23, 180],
		[45, "R12", "T", -147.64, 228.35, 180],
		[46, "R13", "T", -576.8, -237.22, 0],
		[47, "R14", "T", -58.07, -491.17, 270],
		[48, "R15", "T", -77.76, -400.61, 180],
		[49, "SW3", "T", -600.42, -70.87, 180],
		[50, "SW4", "T", -602.39, 177.17, 0],
		[51, "U1", "T", -301.2, 614.2, 270],
		[52, "U2", "T", -320.07, 54.38, 180],
		[53, "U3", "T", 385, 0, 180],
		[54, "U9", "T", -6.89, 534.47, 270],
		[55, "U10", "T", 87.6, 685.07, 180],
		[56, "U11", "T", 118.12, -582.71, 90],
		[57, "U12", "T", 103.35, 530.54, 180],
		[58, "U13", "T", 352.38, 813.03, 90]
	]
},
"pins": {
	"fields": ["PIN_NO", "PIN_NAME", "PIN_X", "PIN_Y", "LAYER", "PIN_TYPE", "NET_NAME", "NET_TYPE", "PAD_SHAPE", "PAD_SIZEX", "PAD_SIZEY", "HOLE_SIZE", "PAD_ANGLE"],
	"rows": [
		[1, "C1_1", -11.71, 411.42, "T", "SMD", "GND", "GND", "R", 58.47, 68.03, 0, 180],
		[2, "C1_2", -137.11, 411.42, "T", "SMD", "+5V", "", "R", 58.47, 68.03, 0, 180],
		[3, "C2_1", -489.2, 557.41, "T", "SMD", "GND", "GND", "R", 58.47, 68.03, 0, 90],
		[4, "C2_2", -489.2, 682.81, "T", "SMD", "+3V3", "", "R", 58.47, 68.03, 0, 90],
		[5, "C3_1", -795.31, 232.1, "T", "SMD", "GND", "GND", "R", 31.11, 21.26, 0, 270],
		[6, "C3_2", -795.31, 189.18, "T", "SMD", "+5V_VBUS", "", "R", 31.11, 21.26, 0, 270],
		[7, "C4_1", -71.85, 31.5, "T", "SMD", "GND", "GND", "R", 31.5, 35.43, 0, 90],
		[8, "C4_2", -71.85, 86.62, "T", "SMD", "+3V3", "", "R", 31.5, 35.43, 0, 90],
		[9, "C5_1", -111.42, 162.41, "T", "SMD", "GND", "GND", "R", 31.11, 21.26, 0, 180],
		[10, "C5_2", -154.34, 162.41, "T", "SMD", "+3V3", "", "R", 31.11, 21.26, 0, 180],
		[11, "C6_1", -958.71, 256.11, "T", "SMD", "GND", "GND", "R", 31.11, 21.26, 0, 90],
		[12, "C6_2", -958.71, 299.03, "T", "SMD", "$1N96", "", "R", 31.11, 21.26, 0, 90],
		[13, "C7_1", 52.36, 829.72, "T", "SMD", "$1N109", "", "R", 31.11, 21.26, 0, 90],
		[14, "C7_2", 52.36, 872.64, "T", "SMD", "+5V", "", "R", 31.11, 21.26, 0, 90],
		[15, "C8_1", -144.89, -1055.17, "T", "SMD", "GND", "GND", "R", 31.11, 21.26, 0, 180],
		[16, "C8_2", -187.81, -1055.17, "T", "SMD", "+3V3", "", "R", 31.11, 21.26, 0, 180],
		[17, "C9_1", -471.48, -50.39, "T", "SMD", "GND", "GND", "R", 31.11, 21.26, 0, 270],
		[18, "C9_2", -471.48, -93.31, "T", "SMD", "EN", "", "R", 31.11, 21.26, 0, 270],
		[19, "C10_1", 750.03, 460.65, "T", "SMD", "GND", "GND", "R", 55.51, 53.15, 0, 180],
		[20, "C10_2", 671.29, 460.65, "T", "SMD", "+3V3", "", "R", 55.51, 53.15, 0, 180],
		[21, "C11_1", 730.16, 539.4, "T", "SMD", "GND", "GND", "R", 31.11, 21.26, 0, 180],
		[22, "C11_2", 687.24, 539.4, "T", "SMD", "+3V3", "", "R", 31.11, 21.26, 0, 180],
		[23, "C12_1", 121.07, 923.08, "T", "SMD", "GND", "GND", "R", 31.11, 21.26, 0, 270],
		[24, "C12_2", 121.07, 880.16, "T", "SMD", "+5V", "", "R", 31.11, 21.26, 0, 270],
		[25, "C13_1", -466.56, 167.53, "T", "SMD", "GND", "GND", "R", 31.11, 21.26, 0, 90],
		[26, "C13_2", -466.56, 210.45, "T", "SMD", "IO0_BTN", "", "R", 31.11, 21.26, 0, 90],
		[27, "C14_1", -90.36, -1055.17, "T", "SMD", "GND", "GND", "R", 31.11, 21.26, 0, 0],
		[28, "C14_2", -47.44, -1055.17, "T", "SMD", "+5V_EXT", "", "R", 31.11, 21.26, 0, 0],
		[29, "C20_1", -169.29, 918.21, "T", "SMD", "GND", "GND", "R", 58.47, 68.03, 0, 270],
		[30, "C20_2", -169.29, 792.81, "T", "SMD", "+5V", "", "R", 58.47, 68.03, 0, 270],
		[31, "C21_1", -38.58, 915.46, "T", "SMD", "GND", "GND", "R", 58.47, 68.03, 0, 270],
		[32, "C21_2", -38.58, 790.06, "T", "SMD", "+5V", "", "R", 58.47, 68.03, 0, 270],
		[33, "C23_1", 121.65, 805.32, "T", "SMD", "$1N114", "", "R", 31.11, 21.26, 0, 270],
		[34, "C23_2", 121.65, 762.4, "T", "SMD", "$1N115", "", "R", 31.11, 21.26, 0, 270],
		[35, "C25_1", 89.38, -708.7, "T", "SMD", "GND", "GND", "R", 31.11, 21.26, 0, 180],
		[36, "C25_2", 46.46, -708.7, "T", "SMD", "+3V3", "", "R", 31.11, 21.26, 0, 180],
		[37, "C26_1", 70.08, 616.17, "T", "SMD", "GND", "GND", "R", 31.11, 21.26, 0, 0],
		[38, "C26_2", 113, 616.17, "T", "SMD", "+3V3", "", "R", 31.11, 21.26, 0, 0],
		[39, "D1_1", -888.82, 217.53, "T", "SMD", "GND", "GND", "R", 23.62, 23.62, 0, 270],
		[40, "D1_2", -888.82, 158.48, "T", "SMD", "+5V_VBUS", "", "R", 23.62, 23.62, 0, 90],
		[41, "D2_1", -831.73, 102.36, "T", "SMD", "GND", "GND", "R", 23.62, 23.62, 0, 270],
		[42, "D2_2", -831.73, 43.31, "T", "SMD", "USB_DN", "", "R", 23.62, 23.62, 0, 90],
		[43, "D3_1", -828.78, -98.43, "T", "SMD", "GND", "GND", "R", 23.62, 23.62, 0, 90],
		[44, "D3_2", -828.78, -39.38, "T", "SMD", "USB_DP", "", "R", 23.62, 23.62, 0, 270],
		[45, "H1_1", 250, 1009.78, "T", "DIP", "OUT1", "", "R", 70.87, 70.87, 47.24, 180],
		[46, "H1_1", 250, 1009.78, "B", "DIP", "OUT1", "", "R", 70.87, 70.87, 47.24, 180],
		[47, "H1_2", 150, 1009.78, "T", "DIP", "OUT2", "", "C", 70.87, 70.87, 47.24, 180],
		[48, "H1_2", 150, 1009.78, "B", "DIP", "OUT2", "", "C", 70.87, 70.87, 47.24, 180],
		[49, "H1_3", 50, 1009.78, "T", "DIP", "GND", "GND", "C", 70.87, 70.87, 47.24, 180],
		[50, "H1_3", 50, 1009.78, "B", "DIP", "GND", "GND", "C", 70.87, 70.87, 47.24, 180],
		[51, "H1_4", -50, 1009.78, "T", "DIP", "+5V", "", "C", 70.87, 70.87, 47.24, 180],
		[52, "H1_4", -50, 1009.78, "B", "DIP", "+5V", "", "C", 70.87, 70.87, 47.24, 180],
		[53, "H1_5", -150, 1009.78, "T", "DIP", "ENCA", "", "C", 70.87, 70.87, 47.24, 180],
		[54, "H1_5", -150, 1009.78, "B", "DIP", "ENCA", "", "C", 70.87, 70.87, 47.24, 180],
		[55, "H1_6", -250, 1009.78, "T", "DIP", "ENCB", "", "C", 70.87, 70.87, 47.24, 180],
		[56, "H1_6", -250, 1009.78, "B", "DIP", "ENCB", "", "C", 70.87, 70.87, 47.24, 180],
		[57, "H3_1", 350, -976.43, "T", "DIP", "GND", "GND", "R", 59.05, 59.05, 39.37, 180],
		[58, "H3_1", 350, -976.43, "B", "DIP", "GND", "GND", "R", 59.05, 59.05, 39.37, 180],
		[59, "H3_2", 250, -976.43, "T", "DIP", "EN", "", "C", 59.05, 59.05, 39.37, 180],
		[60, "H3_2", 250, -976.43, "B", "DIP", "EN", "", "C", 59.05, 59.05, 39.37, 180],
		[61, "H3_3", 150, -976.43, "T", "DIP", "RXD0", "", "C", 59.05, 59.05, 39.37, 180],
		[62, "H3_3", 150, -976.43, "B", "DIP", "RXD0", "", "C", 59.05, 59.05, 39.37, 180],
		[63, "H3_4", 50, -976.43, "T", "DIP", "TXD0", "", "C", 59.05, 59.05, 39.37, 180],
		[64, "H3_4", 50, -976.43, "B", "DIP", "TXD0", "", "C", 59.05, 59.05, 39.37, 180],
		[65, "H3_5", -50, -976.43, "T", "DIP", "IO0_CON", "", "C", 59.05, 59.05, 39.37, 180],
		[66, "H3_5", -50, -976.43, "B", "DIP", "IO0_CON", "", "C", 59.05, 59.05, 39.37, 180],
		[67, "H3_6", -150, -976.43, "T", "DIP", "+5V_EXT", "", "C", 59.05, 59.05, 39.37, 180],
		[68, "H3_6", -150, -976.43, "B", "DIP", "+5V_EXT", "", "C", 59.05, 59.05, 39.37, 180],
		[69, "H3_7", -250, -976.43, "T", "DIP", "GND", "GND", "C", 59.05, 59.05, 39.37, 180],
		[70, "H3_7", -250, -976.43, "B", "DIP", "GND", "GND", "C", 59.05, 59.05, 39.37, 180],
		[71, "H3_8", -350, -976.43, "T", "DIP", "+3V3", "", "C", 59.05, 59.05, 39.37, 180],
		[72, "H3_8", -350, -976.43, "B", "DIP", "+3V3", "", "C", 59.05, 59.05, 39.37, 180],
		[73, "J3_1", -936.23, 51.18, "T", "SMD", "+5V_VBUS", "", "R", 15.75, 51.18, 0, 270],
		[74, "J3_2", -936.23, 25.6, "T", "SMD", "USB_DN", "", "R", 15.75, 51.18, 0, 270],
		[75, "J3_3", -936.23, 0, "T", "SMD", "USB_DP", "", "R", 15.75, 51.18, 0, 270],
		[76, "J3_4", -936.23, -25.6, "T", "SMD", "J3_4", "", "R", 15.75, 51.18, 0, 270],
		[77, "J3_5", -936.23, -51.2, "T", "SMD", "GND", "GND", "R", 15.75, 51.18, 0, 270],
		[78, "J3_6", -935.44, 98.42, "T", "DIP", "GND", "GND", "C", 53.15, 53.15, 35.43, 270],
		[79, "J3_6", -935.44, 98.42, "B", "DIP", "GND", "GND", "C", 53.15, 53.15, 35.43, 270],
		[80, "J3_7", -935.44, -98.43, "T", "DIP", "GND", "GND", "C", 53.15, 53.15, 35.43, 270],
		[81, "J3_7", -935.44, -98.43, "B", "DIP", "GND", "GND", "C", 53.15, 53.15, 35.43, 270],
		[82, "J3_8", -1041.73, -137.8, "T", "DIP", "GND", "GND", "O", 47.24, 74.8, 55.12, 270],
		[83, "J3_8", -1041.73, -137.8, "B", "DIP", "GND", "GND", "O", 47.24, 74.8, 55.12, 270],
		[84, "J3_9", -1041.73, 137.8, "T", "DIP", "GND", "GND", "O", 47.24, 74.8, 55.12, 270],
		[85, "J3_9", -1041.73, 137.8, "B", "DIP", "GND", "GND", "O", 47.24, 74.8, 55.12, 270],
		[86, "J3_10", -1038.98, -39.37, "T", "SMD", "GND", "GND", "R", 59.05, 74.8, 0, 270],
		[87, "J3_10", -1038.98, 39.37, "T", "SMD", "GND", "GND", "R", 59.05, 74.8, 0, 270],
		[88, "J4_1", -122.84, 326.79, "T", "DIP", "+5V_VBUS", "", "C", 39.37, 39.37, 27.56, 0],
		[89, "J4_1", -122.84, 326.79, "B", "DIP", "+5V_VBUS", "", "C", 39.37, 39.37, 27.56, 0],
		[90, "J4_2", -72.84, 326.79, "T", "DIP", "+5V", "", "C", 39.37, 39.37, 27.56, 0],
		[91, "J4_2", -72.84, 326.79, "B", "DIP", "+5V", "", "C", 39.37, 39.37, 27.56, 0],
		[92, "J4_3", -22.84, 326.79, "T", "DIP", "+5V_EXT", "", "C", 39.37, 39.37, 27.56, 0],
		[93, "J4_3", -22.84, 326.79, "B", "DIP", "+5V_EXT", "", "C", 39.37, 39.37, 27.56, 0],
		[94, "J5_1", -617.75, -370.1, "T", "DIP", "+3V3", "", "R", 39.37, 39.37, 29.53, 180],
		[95, "J5_1", -617.75, -370.1, "B", "DIP", "+3V3", "", "R", 39.37, 39.37, 29.53, 180],
		[96, "J5_2", -667.75, -370.1, "T", "DIP", "$1N96", "", "C", 39.37, 39.37, 29.53, 180],
		[97, "J5_2", -667.75, -370.1, "B", "DIP", "$1N96", "", "C", 39.37, 39.37, 29.53, 180],
		[98, "LED1_1", -394.71, 346.48, "T", "SMD", "GND", "GND", "R", 39.37, 49.21, 0, 180],
		[99, "LED1_2", -308.09, 346.48, "T", "SMD", "$1N79", "", "R", 39.37, 49.21, 0, 180],
		[100, "LED2_1", -290.37, -484.27, "T", "SMD", "IO21", "", "R", 39.37, 49.21, 0, 180],
		[101, "LED2_2", -203.75, -484.27, "T", "SMD", "$1N93", "", "R", 39.37, 49.21, 0, 180],
		[102, "Q1_1", -723.46, -46.26, "T", "SMD", "$1N96", "", "R", 15.75, 20.08, 0, 180],
		[103, "Q1_2", -762.83, -46.26, "T", "SMD", "GND", "GND", "R", 15.75, 20.08, 0, 180],
		[104, "Q1_3", -743.14, -97.44, "T", "SMD", "USB_DP", "", "R", 15.75, 20.08, 0, 180],
		[105, "Q2_1", -78.35, -204.92, "T", "SMD", "$1N68", "", "R", 42.13, 23.62, 0, 90],
		[106, "Q2_2", -153.15, -204.92, "T", "SMD", "RTS", "", "R", 42.13, 23.62, 0, 90],
		[107, "Q2_3", -115.75, -302.17, "T", "SMD", "EN", "", "R", 42.13, 23.62, 0, 90],
		[108, "Q3_1", -722.48, 98.43, "T", "SMD", "$1N96", "", "R", 15.75, 20.08, 0, 180],
		[109, "Q3_2", -761.85, 98.43, "T", "SMD", "GND", "GND", "R", 15.75, 20.08, 0, 180],
		[110, "Q3_3", -742.16, 47.25, "T", "SMD", "USB_DN", "", "R", 15.75, 20.08, 0, 180],
		[111, "Q4_1", -373.05, -213.2, "T", "SMD", "$1N69", "", "R", 42.13, 23.62, 0, 90],
		[112, "Q4_2", -447.85, -213.2, "T", "SMD", "DTR", "", "R", 42.13, 23.62, 0, 90],
		[113, "Q4_3", -410.45, -310.45, "T", "SMD", "IO0_BTN", "", "R", 42.13, 23.62, 0, 90],
		[114, "R1_1", -242.14, 365.48, "T", "SMD", "$1N79", "", "R", 22.27, 21.26, 0, 270],
		[115, "R1_2", -242.14, 331.4, "T", "SMD", "+3V3", "", "R", 22.27, 21.26, 0, 270],
		[116, "R2_1", -200.8, -595.19, "T", "SMD", "$1N93", "", "R", 22.27, 21.26, 0, 270],
		[117, "R2_2", -200.8, -629.27, "T", "SMD", "+3V3", "", "R", 22.27, 21.26, 0, 270],
		[118, "R3_1", -295.16, 246.06, "T", "SMD", "$1N42", "", "R", 22.27, 21.26, 0, 180],
		[119, "R3_2", -329.24, 246.06, "T", "SMD", "+3V3", "", "R", 22.27, 21.26, 0, 180],
		[120, "R4_1", 5.23, -899.65, "T", "SMD", "TXD0", "", "R", 22.27, 21.26, 0, 180],
		[121, "R4_2", -28.85, -899.65, "T", "SMD", "RXD", "", "R", 22.27, 21.26, 0, 180],
		[122, "R5_1", 148.94, -899.65, "T", "SMD", "RXD0", "", "R", 22.27, 21.26, 0, 180],
		[123, "R5_2", 114.86, -899.65, "T", "SMD", "TXD", "", "R", 22.27, 21.26, 0, 180],
		[124, "R6_1", -143.03, -55.12, "T", "SMD", "DTR", "", "R", 22.27, 21.26, 0, 0],
		[125, "R6_2", -108.95, -55.12, "T", "SMD", "$1N68", "", "R", 22.27, 21.26, 0, 0],
		[126, "R7_1", -210.52, 228.35, "T", "SMD", "$1N46", "", "R", 22.27, 21.26, 0, 180],
		[127, "R7_2", -244.6, 228.35, "T", "SMD", "+5V_VBUS", "", "R", 22.27, 21.26, 0, 180],
		[128, "R8_1", -420.19, 245.67, "T", "SMD", "GND", "GND", "R", 22.27, 21.26, 0, 0],
		[129, "R8_2", -386.11, 245.67, "T", "SMD", "$1N44", "", "R", 22.27, 21.26, 0, 0],
		[130, "R9_1", -696.21, 348.44, "T", "SMD", "$1N96", "", "R", 22.27, 21.26, 0, 0],
		[131, "R9_2", -662.13, 348.44, "T", "SMD", "IO27", "", "R", 22.27, 21.26, 0, 0],
		[132, "R10_1", -279.54, -166.04, "T", "SMD", "RTS", "", "R", 22.27, 21.26, 0, 270],
		[133, "R10_2", -279.54, -200.12, "T", "SMD", "$1N69", "", "R", 22.27, 21.26, 0, 270],
		[134, "R11_1", -728.08, -236.23, "T", "SMD", "GND", "GND", "R", 22.27, 21.26, 0, 180],
		[135, "R11_2", -762.16, -236.23, "T", "SMD", "$1N96", "", "R", 22.27, 21.26, 0, 180],
		[136, "R12_1", -130.6, 228.35, "T", "SMD", "GND", "GND", "R", 22.27, 21.26, 0, 180],
		[137, "R12_2", -164.68, 228.35, "T", "SMD", "$1N46", "", "R", 22.27, 21.26, 0, 180],
		[138, "R13_1", -593.84, -237.22, "T", "SMD", "EN", "", "R", 22.27, 21.26, 0, 0],
		[139, "R13_2", -559.76, -237.22, "T", "SMD", "+3V3", "", "R", 22.27, 21.26, 0, 0],
		[140, "R14_1", -58.07, -474.13, "T", "SMD", "IO0", "", "R", 22.27, 21.26, 0, 270],
		[141, "R14_2", -58.07, -508.21, "T", "SMD", "IO0_CON", "", "R", 22.27, 21.26, 0, 270],
		[142, "R15_1", -60.72, -400.61, "T", "SMD", "IO0", "", "R", 22.27, 21.26, 0, 180],
		[143, "R15_2", -94.8, -400.61, "T", "SMD", "IO0_BTN", "", "R", 22.27, 21.26, 0, 180],
		[144, "SW3_1", -533.41, -100.46, "T", "SMD", "EN", "", "R", 41.34, 45.28, 0, 270],
		[145, "SW3_2", -667.34, -100.42, "T", "SMD", "EN", "", "R", 41.34, 45.28, 0, 270],
		[146, "SW3_3", -533.41, -41.28, "T", "SMD", "GND", "GND", "R", 41.34, 45.28, 0, 270],
		[147, "SW3_4", -667.44, -41.27, "T", "SMD", "GND", "GND", "R", 41.34, 45.28, 0, 270],
		[148, "SW4_1", -669.41, 206.77, "T", "SMD", "IO0_BTN", "", "R", 41.34, 45.28, 0, 90],
		[149, "SW4_2", -535.48, 206.73, "T", "SMD", "IO0_BTN", "", "R", 41.34, 45.28, 0, 90],
		[150, "SW4_3", -669.41, 147.59, "T", "SMD", "GND", "GND", "R", 41.34, 45.28, 0, 90],
		[151, "SW4_4", -535.38, 147.58, "T", "SMD", "GND", "GND", "R", 41.34, 45.28, 0, 90],
		[152, "U1_1", -391.75, 502.59, "T", "SMD", "GND", "GND", "R", 97.24, 38.58, 0, 270],
		[153, "U1_2", -301.2, 502.59, "T", "SMD", "+3V3", "", "R", 97.24, 38.58, 0, 270],
		[154, "U1_3", -210.65, 502.59, "T", "SMD", "+5V", "", "R", 97.24, 38.58, 0, 270],
		[155, "U1_4", -301.2, 725.81, "T", "SMD", "+3V3", "", "R", 97.24, 141.73, 0, 270],
		[156, "U2_1", -226.47, -4.67, "T", "SMD", "U2_1", "", "R", 35.63, 11.02, 0, 180],
		[157, "U2_2", -226.47, 15.01, "T", "SMD", "U2_2", "", "R", 35.63, 11.02, 0, 180],
		[158, "U2_3", -226.47, 34.7, "T", "SMD", "GND", "GND", "R", 35.63, 11.02, 0, 180],
		[159, "U2_4", -226.47, 54.38, "T", "SMD", "USB_DP", "", "R", 35.63, 11.02, 0, 180],
		[160, "U2_5", -226.47, 74.07, "T", "SMD", "USB_DN", "", "R", 35.63, 11.02, 0, 180],
		[161, "U2_6", -226.47, 93.75, "T", "SMD", "+3V3", "", "R", 35.63, 11.02, 0, 180],
		[162, "U2_7", -226.47, 113.44, "T", "SMD", "+3V3", "", "R", 35.63, 11.02, 0, 180],
		[163, "U2_8", -261.02, 147.98, "T", "SMD", "$1N46", "", "R", 11.02, 35.63, 0, 180],
		[164, "U2_9", -280.7, 147.98, "T", "SMD", "$1N42", "", "R", 11.02, 35.63, 0, 180],
		[165, "U2_10", -300.39, 147.98, "T", "SMD", "U2_10", "", "R", 11.02, 35.63, 0, 180],
		[166, "U2_11", -320.07, 147.98, "T", "SMD", "$1N44", "", "R", 11.02, 35.63, 0, 180],
		[167, "U2_12", -339.76, 147.98, "T", "SMD", "U2_12", "", "R", 11.02, 35.63, 0, 180],
		[168, "U2_13", -359.44, 147.98, "T", "SMD", "U2_13", "", "R", 11.02, 35.63, 0, 180],
		[169, "U2_14", -379.13, 147.98, "T", "SMD", "U2_14", "", "R", 11.02, 35.63, 0, 180],
		[170, "U2_15", -413.67, 113.44, "T", "SMD", "U2_15", "", "R", 35.63, 11.02, 0, 180],
		[171, "U2_16", -413.67, 93.75, "T", "SMD", "U2_16", "", "R", 35.63, 11.02, 0, 180],
		[172, "U2_17", -413.67, 74.07, "T", "SMD", "U2_17", "", "R", 35.63, 11.02, 0, 180],
		[173, "U2_18", -413.67, 54.38, "T", "SMD", "U2_18", "", "R", 35.63, 11.02, 0, 180],
		[174, "U2_19", -413.67, 34.7, "T", "SMD", "U2_19", "", "R", 35.63, 11.02, 0, 180],
		[175, "U2_20", -413.67, 15.01, "T", "SMD", "U2_20", "", "R", 35.63, 11.02, 0, 180],
		[176, "U2_21", -413.67, -4.67, "T", "SMD", "U2_21", "", "R", 35.63, 11.02, 0, 180],
		[177, "U2_22", -379.13, -39.22, "T", "SMD", "U2_22", "", "R", 11.02, 35.63, 0, 180],
		[178, "U2_23", -359.44, -39.22, "T", "SMD", "U2_23", "", "R", 11.02, 35.63, 0, 180],
		[179, "U2_24", -339.76, -39.22, "T", "SMD", "RTS", "", "R", 11.02, 35.63, 0, 180],
		[180, "U2_25", -320.07, -39.22, "T", "SMD", "RXD", "", "R", 11.02, 35.63, 0, 180],
		[181, "U2_26", -300.39, -39.22, "T", "SMD", "TXD", "", "R", 11.02, 35.63, 0, 180],
		[182, "U2_27", -280.7, -39.22, "T", "SMD", "U2_27", "", "R", 11.02, 35.63, 0, 180],
		[183, "U2_28", -261.02, -39.22, "T", "SMD", "DTR", "", "R", 11.02, 35.63, 0, 180],
		[184, "U2_29", -320.07, 54.38, "T", "SMD", "GND", "GND", "R", 131.89, 131.89, 0, 180],
		[185, "U3_1", 739.43, 354.33, "T", "SMD", "GND", "GND", "R", 37.4, 82.68, 0, 180],
		[186, "U3_2", 689.43, 354.33, "T", "SMD", "+3V3", "", "R", 37.4, 82.68, 0, 180],
		[187, "U3_3", 639.43, 354.33, "T", "SMD", "EN", "", "R", 37.4, 82.68, 0, 180],
		[188, "U3_4", 589.43, 354.33, "T", "SMD", "U3_4", "", "R", 37.4, 82.68, 0, 180],
		[189, "U3_5", 539.43, 354.33, "T", "SMD", "U3_5", "", "R", 37.4, 82.68, 0, 180],
		[190, "U3_6", 489.43, 354.33, "T", "SMD", "U3_6", "", "R", 37.4, 82.68, 0, 180],
		[191, "U3_7", 439.43, 354.33, "T", "SMD", "U3_7", "", "R", 37.4, 82.68, 0, 180],
		[192, "U3_8", 389.43, 354.33, "T", "SMD", "ENCA", "", "R", 37.4, 82.68, 0, 180],
		[193, "U3_9", 339.43, 354.33, "T", "SMD", "ENCB", "", "R", 37.4, 82.68, 0, 180],
		[194, "U3_10", 289.43, 354.33, "T", "SMD", "IO25", "", "R", 37.4, 82.68, 0, 180],
		[195, "U3_11", 239.43, 354.33, "T", "SMD", "IO26", "", "R", 37.4, 82.68, 0, 180],
		[196, "U3_12", 189.43, 354.33, "T", "SMD", "IO27", "", "R", 37.4, 82.68, 0, 180],
		[197, "U3_13", 139.43, 354.33, "T", "SMD", "HSPICLK", "", "R", 37.4, 82.68, 0, 180],
		[198, "U3_14", 89.43, 354.34, "T", "SMD", "HSPIMISO", "", "R", 37.4, 82.68, 0, 180],
		[199, "U3_15", 30.57, 225, "T", "SMD", "GND", "GND", "R", 82.68, 37.4, 0, 180],
		[200, "U3_16", 30.57, 175, "T", "SMD", "HSPIMOSI", "", "R", 82.68, 37.4, 0, 180],
		[201, "U3_17", 30.57, 125, "T", "SMD", "U3_17", "", "R", 82.68, 37.4, 0, 180],
		[202, "U3_18", 30.57, 75, "T", "SMD", "U3_18", "", "R", 82.68, 37.4, 0, 180],
		[203, "U3_19", 30.57, 25, "T", "SMD", "U3_19", "", "R", 82.68, 37.4, 0, 180],
		[204, "U3_20", 30.57, -25, "T", "SMD", "U3_20", "", "R", 82.68, 37.4, 0, 180],
		[205, "U3_21", 30.57, -75, "T", "SMD", "U3_21", "", "R", 82.68, 37.4, 0, 180],
		[206, "U3_22", 30.57, -125, "T", "SMD", "U3_22", "", "R", 82.68, 37.4, 0, 180],
		[207, "U3_23", 30.57, -175, "T", "SMD", "HSPICS", "", "R", 82.68, 37.4, 0, 180],
		[208, "U3_24", 30.57, -225, "T", "SMD", "U3_24", "", "R", 82.68, 37.4, 0, 180],
		[209, "U3_25", 89.43, -354.33, "T", "SMD", "IO0", "", "R", 37.4, 82.68, 0, 180],
		[210, "U3_26", 139.43, -354.34, "T", "SMD", "U3_26", "", "R", 37.4, 82.68, 0, 180],
		[211, "U3_27", 189.43, -354.34, "T", "SMD", "NSLEEP", "", "R", 37.4, 82.68, 0, 180],
		[212, "U3_28", 239.43, -354.34, "T", "SMD", "PH", "", "R", 37.4, 82.68, 0, 180],
		[213, "U3_29", 289.43, -354.34, "T", "SMD", "VSPICS", "", "R", 37.4, 82.68, 0, 180],
		[214, "U3_30", 339.43, -354.33, "T", "SMD", "VSPICLK", "", "R", 37.4, 82.68, 0, 180],
		[215, "U3_31", 389.43, -354.33, "T", "SMD", "VSPIMISO", "", "R", 37.4, 82.68, 0, 180],
		[216, "U3_32", 439.43, -354.33, "T", "SMD", "U3_32", "", "R", 37.4, 82.68, 0, 180],
		[217, "U3_33", 489.43, -354.33, "T", "SMD", "IO21", "", "R", 37.4, 82.68, 0, 180],
		[218, "U3_34", 539.43, -354.33, "T", "SMD", "RXD0", "", "R", 37.4, 82.68, 0, 180],
		[219, "U3_35", 589.43, -354.33, "T", "SMD", "TXD0", "", "R", 37.4, 82.68, 0, 180],
		[220, "U3_36", 639.43, -354.33, "T", "SMD", "ENABLE", "", "R", 37.4, 82.68, 0, 180],
		[221, "U3_37", 689.43, -354.34, "T", "SMD", "VSPIMOSI", "", "R", 37.4, 82.68, 0, 180],
		[222, "U3_38", 739.43, -354.34, "T", "SMD", "GND", "GND", "R", 37.4, 82.68, 0, 180],
		[223, "U3_39", 437.03, 59.06, "T", "SMD", "GND", "GND", "R", 35.43, 35.43, 0, 0],
		[224, "U3_39", 437.03, 114.18, "T", "SMD", "GND", "GND", "R", 35.43, 35.43, 0, 0],
		[225, "U3_39", 437.03, 3.93, "T", "SMD", "GND", "GND", "R", 35.43, 35.43, 0, 0],
		[226, "U3_39", 492.15, 3.93, "T", "SMD", "GND", "GND", "R", 35.43, 35.43, 0, 0],
		[227, "U3_39", 492.15, 59.05, "T", "SMD", "GND", "GND", "R", 35.43, 35.43, 0, 0],
		[228, "U3_39", 492.15, 114.17, "T", "SMD", "GND", "GND", "R", 35.43, 35.43, 0, 0],
		[229, "U3_39", 381.91, 114.18, "T", "SMD", "GND", "GND", "R", 35.43, 35.43, 0, 0],
		[230, "U3_39", 381.91, 59.05, "T", "SMD", "GND", "GND", "R", 35.43, 35.43, 0, 0],
		[231, "U3_39", 381.91, 3.94, "T", "SMD", "GND", "GND", "R", 35.43, 35.43, 0, 0],
		[232, "U9_1", -6.89, 555.93, "T", "SMD", "+3V3", "", "R", 31.11, 21.26, 0, 270],
		[233, "U9_2", -6.89, 513.01, "T", "SMD", "GND", "GND", "R", 31.11, 21.26, 0, 270],
		[234, "U10_1", 128.15, 685.07, "T", "SMD", "+3V3", "", "R", 55.51, 53.15, 0, 180],
		[235, "U10_2", 47.05, 685.07, "T", "SMD", "GND", "GND", "R", 55.51, 53.15, 0, 180],
		[236, "U11_1", 44.3, -626.01, "T", "SMD", "+3V3", "", "R", 47.24, 27.56, 0, 90],
		[237, "U11_2", 93.51, -626.01, "T", "SMD", "GND", "GND", "R", 47.24, 27.56, 0, 90],
		[238, "U11_3", 142.72, -626.01, "T", "SMD", "GND", "GND", "R", 47.24, 27.56, 0, 90],
		[239, "U11_4", 191.94, -626.01, "T", "SMD", "VSPICS", "", "R", 47.24, 27.56, 0, 90],
		[240, "U11_5", 191.94, -539.4, "T", "SMD", "VSPICS", "", "R", 47.24, 27.56, 0, 90],
		[241, "U11_6", 142.72, -539.4, "T", "SMD", "VSPIMISO", "", "R", 47.24, 27.56, 0, 90],
		[242, "U11_7", 93.51, -539.4, "T", "SMD", "VSPIMOSI", "", "R", 47.24, 27.56, 0, 90],
		[243, "U11_8", 44.3, -539.4, "T", "SMD", "VSPICLK", "", "R", 47.24, 27.56, 0, 90],
		[244, "U12_1", 153.04, 501.01, "T", "SMD", "HSPIMISO", "", "R", 26.57, 11.02, 0, 180],
		[245, "U12_2", 153.04, 520.7, "T", "SMD", "U12_2", "", "R", 26.57, 11.02, 0, 180],
		[246, "U12_3", 153.04, 540.38, "T", "SMD", "U12_3", "", "R", 26.57, 11.02, 0, 180],
		[247, "U12_4", 153.04, 560.07, "T", "SMD", "IO25", "", "R", 26.57, 11.02, 0, 180],
		[248, "U12_5", 123.04, 570.4, "T", "SMD", "+3V3", "", "R", 11.02, 26.57, 0, 180],
		[249, "U12_6", 103.36, 570.4, "T", "SMD", "GND", "GND", "R", 11.02, 26.57, 0, 180],
		[250, "U12_7", 83.67, 570.4, "T", "SMD", "GND", "GND", "R", 11.02, 26.57, 0, 180],
		[251, "U12_8", 53.67, 560.07, "T", "SMD", "+3V3", "", "R", 26.57, 11.02, 0, 180],
		[252, "U12_9", 53.67, 540.38, "T", "SMD", "IO26", "", "R", 26.57, 11.02, 0, 180],
		[253, "U12_10", 53.67, 520.7, "T", "SMD", "U12_10", "", "R", 26.57, 11.02, 0, 180],
		[254, "U12_11", 53.67, 501.01, "T", "SMD", "U12_11", "", "R", 26.57, 11.02, 0, 180],
		[255, "U12_12", 83.67, 490.68, "T", "SMD", "HSPICS", "", "R", 11.02, 26.57, 0, 180],
		[256, "U12_13", 103.36, 490.68, "T", "SMD", "HSPICLK", "", "R", 11.02, 26.57, 0, 180],
		[257, "U12_14", 123.04, 490.68, "T", "SMD", "HSPIMOSI", "", "R", 11.02, 26.57, 0, 180],
		[258, "U13_1", 465.5, 723.46, "T", "SMD", "ENABLE", "", "O", 13.5, 68.76, 0, 90],
		[259, "U13_2", 465.5, 749.05, "T", "SMD", "PH", "", "O", 13.5, 68.76, 0, 90],
		[260, "U13_3", 465.5, 774.64, "T", "SMD", "NSLEEP", "", "O", 13.5, 68.76, 0, 90],
		[261, "U13_4", 465.5, 800.24, "T", "SMD", "U13_4", "", "O", 13.5, 68.76, 0, 90],
		[262, "U13_5", 465.5, 825.83, "T", "SMD", "+3V3", "", "O", 13.5, 68.76, 0, 90],
		[263, "U13_6", 465.5, 851.42, "T", "SMD", "GND", "GND", "O", 13.5, 68.76, 0, 90],
		[264, "U13_7", 465.5, 877.01, "T", "SMD", "GND", "GND", "O", 13.5, 68.76, 0, 90],
		[265, "U13_8", 465.5, 902.6, "T", "SMD", "OUT1", "", "O", 13.5, 68.76, 0, 90],
		[266, "U13_9", 239.26, 902.6, "T", "SMD", "GND", "GND", "O", 13.5, 68.76, 0, 90],
		[267, "U13_10", 239.26, 877.01, "T", "SMD", "OUT2", "", "O", 13.5, 68.76, 0, 90],
		[268, "U13_11", 239.26, 851.42, "T", "SMD", "+5V", "", "O", 13.5, 68.76, 0, 90],
		[269, "U13_12", 239.26, 825.83, "T", "SMD", "$1N109", "", "O", 13.5, 68.76, 0, 90],
		[270, "U13_13", 239.26, 800.24, "T", "SMD", "$1N114", "", "O", 13.5, 68.76, 0, 90],
		[271, "U13_14", 239.26, 774.64, "T", "SMD", "$1N115", "", "O", 13.5, 68.76, 0, 90],
		[272, "U13_15", 239.26, 749.05, "T", "SMD", "GND", "GND", "O", 13.5, 68.76, 0, 90],
		[273, "U13_16", 239.26, 723.46, "T", "SMD", "GND", "GND", "O", 13.5, 68.76, 0, 90],
		[274, "U13_17", 352.38, 813.03, "T", "SMD", "GND", "GND", "R", 139.76, 96.85, 0, 90]
	]
}
}